N,Liger,Hugging Face
4096.000000,0.123648,0.739488
8192.000000,0.179104,1.351136
12288.000000,0.252608,1.963360
16384.000000,0.321536,2.569504
