N,Liger,Hugging Face
4096.000000,0.298496,1.012368
8192.000000,0.301264,1.864704
12288.000000,0.328768,2.699776
16384.000000,0.410368,3.540864
