N,Liger,Hugging Face
4096.000000,0.059456,0.281376
8192.000000,0.051376,0.518240
12288.000000,0.081184,0.750432
16384.000000,0.095552,0.985408
