N,Liger,Hugging Face
4096.000000,2546.250000,3452.250000
8192.000000,4474.250000,6372.250000
12288.000000,6402.250000,9292.250000
16384.000000,8330.250000,12212.250000
