N,Liger,Hugging Face
4096.000000,35.581600,36.434784
8192.000000,71.164253,72.881500
12288.000000,108.063202,112.021507
16384.000000,141.561981,145.553345
