N,Liger,Hugging Face
4096.000000,54.413666,55.151905
8192.000000,109.526047,110.558205
12288.000000,163.689636,166.444931
16384.000000,218.236481,222.002823
