N,Liger,Hugging Face
4096.000000,19.884960,18.204256
8192.000000,36.486111,36.354336
12288.000000,55.042110,54.500641
16384.000000,72.782402,73.503166
