V,Liger,Hugging Face
40960.000000,4.119680,6.742144
81920.000000,9.233952,13.105920
122880.000000,14.122496,19.345505
163840.000000,18.808031,25.597729
