V,Liger,Hugging Face
40960.000000,6.963904,19.293535
81920.000000,15.734256,38.034721
122880.000000,23.733664,56.411713
163840.000000,31.588961,77.033730
