seq_len,Liger,Hugging Face
1024.000000,0.067136,0.327840
2048.000000,0.069088,0.618944
4096.000000,0.109472,1.186240
8192.000000,0.209344,2.315232
16384.000000,0.409920,4.544160
