seq_len,Liger,Hugging Face
1024.000000,0.034048,0.278944
2048.000000,0.059200,0.515488
4096.000000,0.109376,0.992608
8192.000000,0.209312,1.934080
16384.000000,0.410368,3.815776
