total_hidden_size,Liger,Hugging Face
4096.000000,0.035264,0.280512
8192.000000,0.058656,0.516480
12288.000000,0.085376,0.756832
16384.000000,0.109248,0.990752
