seq_len,Liger,Hugging Face
1024.000000,0.144384,0.602208
2048.000000,0.138240,1.130752
4096.000000,0.214528,2.172832
8192.000000,0.415360,4.244000
16384.000000,0.816704,8.353440
