total_hidden_size,Liger,Hugging Face
4096.000000,0.069856,0.328864
8192.000000,0.068320,0.618848
12288.000000,0.084736,0.906240
16384.000000,0.108960,1.186208
