total_hidden_size,Liger,Hugging Face
4096.000000,0.141744,0.604304
8192.000000,0.137824,1.130512
12288.000000,0.188160,1.657760
16384.000000,0.214464,2.170960
