N,Liger,Hugging Face
4096.000000,54.059967,55.083553
8192.000000,108.521378,111.320419
12288.000000,162.081497,165.138275
16384.000000,218.892288,220.497406
