N,Liger,Hugging Face
4096.000000,19.571264,18.377983
8192.000000,35.919327,36.281792
12288.000000,54.314114,55.157570
16384.000000,72.798401,73.319298
