N,Liger,Hugging Face
4096.000000,35.269985,36.402401
8192.000000,71.120834,72.980957
12288.000000,106.268387,110.932220
16384.000000,141.336517,146.134872
