N,Liger,Hugging Face
4096.000000,144.070801,320.054688
8192.000000,268.133301,640.101562
12288.000000,348.195801,960.148438
16384.000000,432.258301,1280.195312
