total_hidden_size,Liger,Hugging Face
4096.000000,49.141113,121.141113
8192.000000,90.141113,234.141113
12288.000000,132.516602,348.516602
16384.000000,172.141602,460.141602
