N,Liger,Hugging Face
4096.000000,1562.250000,1906.250000
8192.000000,2850.250000,3538.250000
12288.000000,4138.250000,5170.250000
16384.000000,5426.250000,6802.250000
