N,Liger,Hugging Face
4096.000000,323.531250,320.156250
8192.000000,647.031250,640.281250
12288.000000,970.531250,960.406250
16384.000000,1294.031250,1280.531250
