V,Liger,Hugging Face
40960.000000,2560.328613,12800.125977
81920.000000,5120.328613,25600.125000
122880.000000,7680.328613,38400.125000
163840.000000,10240.328125,51200.125000
