N,Liger,Hugging Face
4096.000000,0.339232,0.431296
8192.000000,0.442336,0.829536
12288.000000,0.878208,1.232496
16384.000000,1.140560,1.619648
