N,Liger,Hugging Face
4096.000000,0.090176,0.121632
8192.000000,0.165728,0.257968
12288.000000,0.246272,0.383136
16384.000000,0.322176,0.506592
